{"val_loss": [0.4365646432874338, 0.30365110315241906, 0.26960376629008437, 0.23387615182349142, 0.25124324601635617, 0.2708004626603621, 0.2523517949717506, 0.31730724354538153, 0.24220324529088894, 0.22471452086179886, 0.23785230761639914, 0.2505304546815888, 0.2739150909496085, 0.28832104715149637, 0.29435061795180134, 0.32837023614150174, 0.3305294998517295, 0.3285300511963455, 0.3485971979340011, 0.334779500715294, 0.3449816630344908], "val_sparse_categorical_accuracy": [0.8742629716981132, 0.9124410377358491, 0.9223172169811321, 0.933814858490566, 0.9282134433962265, 0.9289504716981132, 0.9327830188679245, 0.9215801886792453, 0.9358785377358491, 0.9436910377358491, 0.9464917452830188, 0.9438384433962265, 0.9397110849056604, 0.9407429245283019, 0.9428066037735849, 0.9432488207547169, 0.9433962264150944, 0.9432488207547169, 0.9408903301886793, 0.9453125, 0.9460495283018868], "loss": [0.8654158117067545, 0.30334685947325896, 0.21459635449363326, 0.17145924284157896, 0.15420025523593253, 0.12097975546447444, 0.11518003418749866, 0.1012927997022293, 0.08892273010652778, 0.0530669744793042, 0.037463737449291885, 0.028053978619139167, 0.028431307703971, 0.03216352849050421, 0.025406020637662157, 0.015403048632758595, 0.02075832409476182, 0.01910813142360285, 0.012264272941240762, 0.006786370993307955, 0.00498690975812617], "sparse_categorical_accuracy": [0.757734179197995, 0.9144345238095238, 0.9388510338345865, 0.9505599937343359, 0.9553179824561403, 0.9649318609022557, 0.9663416353383458, 0.970453477443609, 0.9740953947368421, 0.9859022556390977, 0.9904644423558897, 0.9928140664160401, 0.9926770050125313, 0.990875626566416, 0.9933623120300752, 0.9962601817042607, 0.9941846804511278, 0.9947525062656641, 0.9972196115288221, 0.998766447368421, 0.9991384711779449]}