{"valEval": {"loss": 0.23676729429390211, "accuracy": 0.9467865566037735}, "trainEval": {"loss": 0.027906359624758625, "accuracy": 0.9929511278195489}, "testEval": {"loss": 0.2509763919508041, "accuracy": 0.9451353328456474}}