{"valEval": {"loss": 0.34656923609282736, "accuracy": 0.9369103773584906}, "trainEval": {"loss": 0.008196946515030354, "accuracy": 0.9989426691729323}, "testEval": {"loss": 0.33170142886667225, "accuracy": 0.940892465313421}}