{"val_loss": [0.4948413910449676, 0.33102343906209153, 0.2914599534475578, 0.27659717817210927, 0.27284969537044473, 0.29987428038609476, 0.26753705810263473, 0.29709676951872854, 0.26554492210863895, 0.2516874001835877, 0.2659130747219161, 0.2727369733005411, 0.30344138825136535, 0.31905879043394103, 0.3499972366218297, 0.33299122399316644, 0.33641645513070784, 0.35689688920271845, 0.3531602342384604, 0.33240291720062914, 0.3384887761445189, 0.3460382577844562], "val_sparse_categorical_accuracy": [0.8553950471698113, 0.9034492924528302, 0.9176002358490566, 0.9208431603773585, 0.9205483490566038, 0.9189268867924528, 0.9268867924528302, 0.9221698113207547, 0.9305719339622641, 0.9375, 0.9377948113207547, 0.9383844339622641, 0.9332252358490566, 0.9342570754716981, 0.9296875, 0.9339622641509434, 0.9352889150943396, 0.9344044811320755, 0.9316037735849056, 0.9364681603773585, 0.9354363207547169, 0.9367629716981132], "loss": [1.2432306879071664, 0.37308206062829286, 0.2633525199515927, 0.2122776526210825, 0.17921737849217534, 0.15439628573241912, 0.1425696365432557, 0.12308753714377392, 0.11879914171204793, 0.0725726125374399, 0.05469645111501231, 0.04645848753649093, 0.041259034562819194, 0.03836981859182143, 0.030318803567257545, 0.03970968841860581, 0.032337363660217375, 0.02554796871710668, 0.042328410006966646, 0.02105615817433539, 0.013349850576181743, 0.010804798747628405], "sparse_categorical_accuracy": [0.646890664160401, 0.8975955513784462, 0.9257714598997494, 0.9390076754385965, 0.948484492481203, 0.9560032894736842, 0.9581571115288221, 0.9635025062656641, 0.965499686716792, 0.9803023182957393, 0.9858630952380952, 0.9879190162907269, 0.989642073934837, 0.9898966165413534, 0.992265820802005, 0.9892113095238095, 0.9910322681704261, 0.993421052631579, 0.9877623746867168, 0.995046209273183, 0.9976895363408521, 0.9982769423558897]}