{"valEval": {"loss": 0.3528153239046487, "accuracy": 0.9419221698113207}, "trainEval": {"loss": 0.005496775045028876, "accuracy": 0.9990601503759399}, "testEval": {"loss": 0.36477560309060725, "accuracy": 0.9391367959034382}}