{"val_loss": [0.4021496906314256, 0.32565291935824, 0.2853267461342632, 0.26329356221095573, 0.2868638572827825, 0.28321057354223056, 0.27412865158029887, 0.2719728505625477, 0.27807305245396663, 0.24452028119549998, 0.25740717532649143, 0.2856609507415549, 0.2926144988697795, 0.3129679540277652, 0.3269346143966892, 0.34194136913953666, 0.35186224824415063, 0.39667188622198013, 0.36931668076980506, 0.348959471995257, 0.3611560497116649, 0.37269867622767977, 0.3836574772118046, 0.40942652680788116, 0.40352200107832376, 0.41681218979757206, 0.424274112169443, 0.43010247439444765, 0.44267262817132025, 0.4283717397143537], "val_sparse_categorical_accuracy": [0.8844339622641509, 0.9068396226415094, 0.9187794811320755, 0.9251179245283019, 0.9202535377358491, 0.9224646226415094, 0.9282134433962265, 0.9285082547169812, 0.9304245283018868, 0.9395636792452831, 0.9376474056603774, 0.9394162735849056, 0.9398584905660378, 0.9386792452830188, 0.9380896226415094, 0.9373525943396226, 0.9369103773584906, 0.9335200471698113, 0.9405955188679245, 0.9423643867924528, 0.9404481132075472, 0.9420695754716981, 0.9404481132075472, 0.9369103773584906, 0.9388266509433962, 0.9394162735849056, 0.9398584905660378, 0.9398584905660378, 0.9373525943396226, 0.9395636792452831], "loss": [0.8525141807539123, 0.29991806319034786, 0.21938733793888474, 0.17379031749675633, 0.1539717637688706, 0.13503858028738328, 0.11589008583372137, 0.11036717402573704, 0.09435029452716824, 0.054131668537474684, 0.0383390514625557, 0.030936752425540157, 0.03162108992792743, 0.030244485730638513, 0.022891412713941458, 0.020492736257027785, 0.021453388676735057, 0.01754314116664874, 0.013228839971225969, 0.007662755121117399, 0.005221084747601803, 0.004394163428615025, 0.003128157847222701, 0.0038572341557353085, 0.0046156186110721436, 0.002381967259974713, 0.0021300216831503776, 0.0023324137611876053, 0.0023907872286176904, 0.001633775277142356], "sparse_categorical_accuracy": [0.7599271616541353, 0.9139450187969925, 0.9360119047619048, 0.9491306390977443, 0.9549459586466166, 0.9602130325814536, 0.9662241541353384, 0.9672423245614035, 0.9717457706766918, 0.9850407268170426, 0.9899161967418546, 0.9920112781954887, 0.9910518483709273, 0.9913847117794486, 0.9937539160401002, 0.9944392230576441, 0.9943609022556391, 0.9950070488721805, 0.996671365914787, 0.9982573621553885, 0.9990601503759399, 0.9992363721804511, 0.9994909147869674, 0.9993342731829574, 0.9992755325814536, 0.9997258771929824, 0.9997258771929824, 0.9996279761904762, 0.9996671365914787, 0.9998041979949874]}