{"val_loss": [0.48335912050503604, 0.30211941708090173, 0.259932917736049, 0.2741121749551791, 0.25806586098207057, 0.2647908881376937, 0.26229390526576984, 0.28054194394850507, 0.2520813050873156, 0.24113310788722955, 0.25385571109517563, 0.2916267553941821, 0.3283127162886678, 0.29933363940777646, 0.34150980417353083, 0.32823763955093455, 0.3417987943328214, 0.36402304050565326, 0.35868969598328165, 0.35871426550284874, 0.3685241494512291], "val_sparse_categorical_accuracy": [0.8553950471698113, 0.9133254716981132, 0.926002358490566, 0.9239386792452831, 0.9310141509433962, 0.9293926886792453, 0.9304245283018868, 0.9285082547169812, 0.9364681603773585, 0.9408903301886793, 0.9420695754716981, 0.9389740566037735, 0.9335200471698113, 0.9383844339622641, 0.9341096698113207, 0.9375, 0.9369103773584906, 0.9377948113207547, 0.9376474056603774, 0.9394162735849056, 0.9389740566037735], "loss": [1.0941473940634787, 0.3399850403035718, 0.2276547943337594, 0.18323233440042214, 0.15038254232213535, 0.12934254179591953, 0.11726724708518177, 0.0993456533622174, 0.10216762678041812, 0.05501894363708955, 0.03839973660076812, 0.031951438804083555, 0.027158552459839388, 0.0360532244335981, 0.021801605282854967, 0.025372767167212266, 0.020601386255592224, 0.015251955669721571, 0.012818326476542751, 0.006349186631631252, 0.004533773932960794], "sparse_categorical_accuracy": [0.6852091165413534, 0.9034891917293233, 0.9355419799498746, 0.9475446428571429, 0.9571976817042607, 0.9634437656641605, 0.9664982769423559, 0.9706688596491229, 0.970766760651629, 0.9849624060150376, 0.9896029135338346, 0.9917567355889725, 0.9929119674185464, 0.9891525689223057, 0.994204260651629, 0.9928728070175439, 0.9945567042606517, 0.9962797619047619, 0.9969454887218046, 0.9988447681704261, 0.9992755325814536]}