{"valEval": {"loss": 0.2531869113445282, "accuracy": 0.9420695754716981}, "trainEval": {"loss": 0.02895819412652032, "accuracy": 0.9929315476190477}, "testEval": {"loss": 0.24390455373653272, "accuracy": 0.9452816386247257}}