{"val_loss": [0.5444935399968669, 0.3314087726175785, 0.31755319251766745, 0.2542679961770773, 0.351836076533457, 0.26228675368364973, 0.24970253983969395, 0.2544414705755013, 0.26397558466865206, 0.24478327634059033, 0.25311493045949146, 0.26546102525547743, 0.2711369578665087, 0.27967359435762157, 0.34022889349539326, 0.30863446614019713, 0.3349056778440498, 0.30395066973595125, 0.33857778564341506, 0.3182057927380193, 0.3395873013014009, 0.35470307243214744, 0.35195231490399476, 0.3733904800500791, 0.34531261966089316, 0.3732729054249401, 0.3656919586981805, 0.3714318124128216, 0.3932628669072588, 0.37510897681327926], "val_sparse_categorical_accuracy": [0.840064858490566, 0.9044811320754716, 0.9068396226415094, 0.9299823113207547, 0.9031544811320755, 0.9274764150943396, 0.9330778301886793, 0.9317511792452831, 0.9324882075471698, 0.9386792452830188, 0.9385318396226415, 0.9376474056603774, 0.9383844339622641, 0.9392688679245284, 0.9307193396226415, 0.9376474056603774, 0.9349941037735849, 0.9386792452830188, 0.9346992924528302, 0.9404481132075472, 0.9392688679245284, 0.9397110849056604, 0.9375, 0.9358785377358491, 0.9403007075471698, 0.9380896226415094, 0.9397110849056604, 0.9385318396226415, 0.9391214622641509, 0.9401533018867925], "loss": [1.4741133996530582, 0.35676673541130277, 0.2598530392823064, 0.1921452703491264, 0.15768071411429604, 0.14808644636074328, 0.12655609851483637, 0.11818845221279119, 0.10189092211293425, 0.06421726347447052, 0.04689713147707239, 0.04426087259413353, 0.03960355070059568, 0.033333453918807356, 0.04014223074023848, 0.03541555759608187, 0.02887833721486135, 0.025452611954572883, 0.02117237906683765, 0.013003030266541796, 0.011553200611087777, 0.010145404345693302, 0.01096073419086182, 0.011014925368599188, 0.01033944699426221, 0.007882559677270359, 0.006703846544308574, 0.006874623391700551, 0.0071097022847233775, 0.006703242866669164], "sparse_categorical_accuracy": [0.5736802944862155, 0.8983787593984962, 0.926828790726817, 0.9455278822055138, 0.955063439849624, 0.9587640977443609, 0.964187813283208, 0.967046522556391, 0.9720394736842105, 0.9831610275689223, 0.9887218045112782, 0.988937186716792, 0.9901903195488722, 0.992109179197995, 0.9897791353383458, 0.9914238721804511, 0.9928532268170426, 0.9940280388471178, 0.9950070488721805, 0.9975720551378446, 0.9978461779448622, 0.9985314849624061, 0.9983552631578947, 0.9984923245614035, 0.9985510651629073, 0.9990601503759399, 0.9990993107769424, 0.9992559523809523, 0.9990797305764411, 0.9993342731829574]}