{"valEval": {"loss": 0.32651099792839783, "accuracy": 0.9380896226415094}, "trainEval": {"loss": 0.013240126387468638, "accuracy": 0.9967692669172933}, "testEval": {"loss": 0.30922903087264, "accuracy": 0.9426481346013168}}