{"valEval": {"loss": 0.32935438036945, "accuracy": 0.9450176886792453}, "trainEval": {"loss": 0.003160385295742392, "accuracy": 0.9995692355889725}, "testEval": {"loss": 0.3371583301268178, "accuracy": 0.9445501097293343}}