{"val_loss": [0.508676972591652, 0.33104183454558533, 0.3104952185080861, 0.2777289537326345, 0.29518808262809265, 0.2623512019174841, 0.2990016575270104, 0.2763014956254442, 0.2964506363320463, 0.25708187116696585, 0.275514802561616, 0.3053897558447887, 0.33492307695296575, 0.33241334164796293, 0.3596293806045685, 0.36043426102765325, 0.4277327537980317, 0.3610665546488544, 0.3728404717590168, 0.36564955949115585, 0.3690511849950472, 0.3847981254539435, 0.40128636752685776, 0.3979108212087391, 0.44106716467594764, 0.41964821447179, 0.42499212480484033, 0.4406540628934756, 0.44609957074149037, 0.4369933752097049, 0.43824197076050175], "val_sparse_categorical_accuracy": [0.8536261792452831, 0.9019752358490566, 0.9128832547169812, 0.9206957547169812, 0.9159787735849056, 0.9268867924528302, 0.9190742924528302, 0.9267393867924528, 0.9233490566037735, 0.9385318396226415, 0.9366155660377359, 0.9361733490566038, 0.9344044811320755, 0.9355837264150944, 0.9346992924528302, 0.9360259433962265, 0.9261497641509434, 0.9370577830188679, 0.9327830188679245, 0.9397110849056604, 0.941185141509434, 0.9391214622641509, 0.9391214622641509, 0.9397110849056604, 0.9349941037735849, 0.9370577830188679, 0.9377948113207547, 0.9363207547169812, 0.9376474056603774, 0.9376474056603774, 0.9386792452830188], "loss": [1.2647050292345516, 0.32256128111466725, 0.22698770317349368, 0.1764982966694486, 0.16219252852937743, 0.12931245595991686, 0.11634421225183207, 0.09945696132271585, 0.09228229099700232, 0.05661007921355263, 0.03721971120165263, 0.03016851092658833, 0.02899621701434806, 0.029787734122904187, 0.021563461434257226, 0.020517894579173305, 0.021065238115032452, 0.017276061173594228, 0.011952630231070472, 0.007287223392929097, 0.004486559000022744, 0.0035799082180166812, 0.0032794521087995683, 0.00322780882276873, 0.0035974142390426877, 0.004497979513440728, 0.002488709539600103, 0.0020538928532479353, 0.005754429238168838, 0.0032235020839207914, 0.0020493113009999483], "sparse_categorical_accuracy": [0.6435424498746867, 0.9092261904761905, 0.9342301065162907, 0.9488565162907269, 0.9535557644110275, 0.9623081140350878, 0.9663612155388471, 0.9712758458646616, 0.9727052005012531, 0.9846099624060151, 0.990562343358396, 0.9921875, 0.9923441416040101, 0.9918350563909775, 0.9945175438596491, 0.9945371240601504, 0.9945762844611529, 0.9952615914786967, 0.9972783521303258, 0.9985314849624061, 0.9993538533834586, 0.9995104949874687, 0.999608395989975, 0.999608395989975, 0.9993930137844611, 0.9991776315789473, 0.9997454573934837, 0.9997454573934837, 0.9986489661654135, 0.9995300751879699, 0.9997846177944862]}