{"valEval": {"loss": 0.44100412316093185, "accuracy": 0.9383844339622641}, "trainEval": {"loss": 0.0017427920139776087, "accuracy": 0.9998237781954887}, "testEval": {"loss": 0.402927826864944, "accuracy": 0.9407461594296966}}