{"valEval": {"loss": 0.3463048643591393, "accuracy": 0.9398584905660378}, "trainEval": {"loss": 0.008492696077422679, "accuracy": 0.9983944235588973}, "testEval": {"loss": 0.31267719814583195, "accuracy": 0.9446964155084125}}