{"val_loss": [0.49366990434673597, 0.3686541630974356, 0.29150838418951575, 0.3266307498627114, 0.2735521221568562, 0.5400686483338194, 0.24665376178498538, 0.2552506699455234, 0.2856794576037605, 0.2562874937078582, 0.25489038313334844, 0.2732136600350473, 0.3027441821605811, 0.32026965691233583, 0.31516099539102177, 0.3305092924977389, 0.40310133880944393, 0.3587376471995464, 0.3391127187993711, 0.34483583539286145, 0.3700739733176306, 0.39155897611313123, 0.3947704734692484, 0.41107109686324617, 0.4080788209919877, 0.4122614681189177, 0.4255818391783286, 0.41368793524789255, 0.4381375906633143, 0.4438736974701004], "val_sparse_categorical_accuracy": [0.8565742924528302, 0.8915094339622641, 0.9198113207547169, 0.9133254716981132, 0.9229068396226415, 0.859375, 0.9327830188679245, 0.9295400943396226, 0.9285082547169812, 0.9355837264150944, 0.9385318396226415, 0.9388266509433962, 0.9385318396226415, 0.9364681603773585, 0.9376474056603774, 0.9389740566037735, 0.9285082547169812, 0.9357311320754716, 0.9392688679245284, 0.9407429245283019, 0.9382370283018868, 0.9394162735849056, 0.9383844339622641, 0.9363207547169812, 0.9389740566037735, 0.9400058962264151, 0.9389740566037735, 0.9388266509433962, 0.9383844339622641, 0.9388266509433962], "loss": [1.0395786639181595, 0.33310116230414477, 0.2258198377034419, 0.18760081994251573, 0.16329359027725132, 0.1482010502356541, 0.13669627804319634, 0.1141092829910436, 0.09636946997992148, 0.06496552130593136, 0.05280447633619193, 0.04202254463459775, 0.03717570873415757, 0.03749028480197559, 0.03611657207570863, 0.023990693838479325, 0.02818014530431016, 0.030826908766450976, 0.022032161668053198, 0.011522099443180122, 0.00860024621429911, 0.0071143183959111525, 0.006232922670760171, 0.004897853300130657, 0.006469579050560486, 0.005258342014211504, 0.0032077868052540525, 0.003434149477597861, 0.004230759458777126, 0.0030000733472097365], "sparse_categorical_accuracy": [0.7020285087719298, 0.9051339285714286, 0.9359335839598998, 0.9465264724310777, 0.9532816416040101, 0.9568648182957393, 0.9606829573934837, 0.9671444235588973, 0.971765350877193, 0.9821428571428571, 0.9857456140350878, 0.9881735588972431, 0.9897008145363408, 0.9894658521303258, 0.9894854323308271, 0.9936168546365914, 0.9922854010025063, 0.9910518483709273, 0.9939105576441103, 0.9973566729323309, 0.9982769423558897, 0.9986293859649122, 0.9989622493734336, 0.9990797305764411, 0.998688126566416, 0.9990993107769424, 0.9995692355889725, 0.9993930137844611, 0.9992951127819549, 0.999608395989975]}