{"valEval": {"loss": 0.3117444497128984, "accuracy": 0.9324882075471698}, "trainEval": {"loss": 0.03399137590027398, "accuracy": 0.9915413533834586}, "testEval": {"loss": 0.32019711815722796, "accuracy": 0.9294806144842721}}