{"val_loss": [0.5006842666639472, 0.35376147616584347, 0.30512754204419423, 0.2824596290318471, 0.2780055634255679, 0.30798507024938204, 0.2771319457206805, 0.30436985665616, 0.30331029665638815, 0.27585015574224153, 0.29041665161625957, 0.31151944390093944, 0.3442127240211088, 0.3396527522884942, 0.3370242387337505, 0.365517780777805, 0.4071403855352469, 0.3890498474257875, 0.4222571490868434, 0.39268317706180067, 0.4080568073703995, 0.4193359867917848], "val_sparse_categorical_accuracy": [0.8500884433962265, 0.8972582547169812, 0.9074292452830188, 0.9180424528301887, 0.9178950471698113, 0.9193691037735849, 0.9239386792452831, 0.9167158018867925, 0.9209905660377359, 0.9318985849056604, 0.9318985849056604, 0.9323408018867925, 0.9267393867924528, 0.9283608490566038, 0.9318985849056604, 0.9296875, 0.9233490566037735, 0.9296875, 0.9258549528301887, 0.9317511792452831, 0.9320459905660378, 0.9321933962264151], "loss": [1.0007227806743224, 0.35332110136710015, 0.24941227761538406, 0.20027471727745277, 0.1707276391836448, 0.15027871142307245, 0.13064678724304327, 0.11903819976197112, 0.10289686888615067, 0.061142175719503755, 0.04701751224226307, 0.04012461256945271, 0.03452020676674982, 0.031389728966951, 0.03218507760777042, 0.024420511308371237, 0.026863460806706093, 0.023886895650938822, 0.015502216118672498, 0.010574710848345888, 0.007659209002344242, 0.006811463466719555], "sparse_categorical_accuracy": [0.7129738408521303, 0.8991423872180451, 0.9289630325814536, 0.942297149122807, 0.9504425125313283, 0.9566885964912281, 0.9614661654135338, 0.9651472431077694, 0.9696506892230576, 0.9836896929824561, 0.9881539786967418, 0.9898574561403509, 0.9913063909774437, 0.9919525375939849, 0.9912476503759399, 0.993499373433584, 0.9928728070175439, 0.9932839912280702, 0.9963776629072681, 0.9979244987468672, 0.9987468671679198, 0.9988839285714286]}