{"val_loss": [0.42359051600379766, 0.3651201119119266, 0.28737176666563413, 0.2827931407065886, 0.2772231796088646, 0.263445608177275, 0.26331798514386395, 0.3336828534825231, 0.2923241507191703, 0.24153690040111542, 0.25429753902069524, 0.2828448199544032, 0.2906610982026905, 0.3088545069836502, 0.30743636325318013, 0.3278857374405664, 0.34194929056519746, 0.3498825319067417, 0.3615535121572529, 0.3475702776252907], "val_sparse_categorical_accuracy": [0.8736733490566038, 0.894752358490566, 0.9149469339622641, 0.9189268867924528, 0.9232016509433962, 0.9274764150943396, 0.9310141509433962, 0.9136202830188679, 0.9258549528301887, 0.9425117924528302, 0.9389740566037735, 0.9358785377358491, 0.9327830188679245, 0.9357311320754716, 0.9385318396226415, 0.933814858490566, 0.9355837264150944, 0.9327830188679245, 0.9341096698113207, 0.9404481132075472], "loss": [0.9160041253369554, 0.3082800995847934, 0.2234859690443615, 0.18072274745089517, 0.15268848504740418, 0.14023045415845337, 0.11467035350513488, 0.10980335369392212, 0.09632729476184718, 0.058877288556805366, 0.039802331644550076, 0.03321795026743058, 0.03553480362362942, 0.03521735575937089, 0.02804467082970042, 0.0198776379240011, 0.023403106882477386, 0.016699954216055357, 0.015766094599137814, 0.010307835605327139], "sparse_categorical_accuracy": [0.742265820802005, 0.9114583333333334, 0.9353461779448622, 0.9471921992481203, 0.955670426065163, 0.9588815789473685, 0.9656563283208021, 0.9676535087719298, 0.9712758458646616, 0.9833176691729323, 0.9892308897243107, 0.9912672305764411, 0.9900924185463659, 0.9898966165413534, 0.9924420426065163, 0.9946937656641605, 0.9934014724310777, 0.9956140350877193, 0.9959077380952381, 0.9974741541353384]}