{"valEval": {"loss": 0.2435285270495235, "accuracy": 0.9419221698113207}, "trainEval": {"loss": 0.03975280142056039, "accuracy": 0.9894854323308271}, "testEval": {"loss": 0.25230671115711484, "accuracy": 0.9416239941477689}}