{"valEval": {"loss": 0.32946579526002817, "accuracy": 0.9445754716981132}, "trainEval": {"loss": 0.008506455941644623, "accuracy": 0.9981594611528822}, "testEval": {"loss": 0.28598728597595025, "accuracy": 0.9471836138137868}}