{"val_loss": [0.49041649488345634, 0.3555477180008618, 0.2851853477153576, 0.29714944347176914, 0.3004748917905227, 0.29879085445460285, 0.22957551946758098, 0.25240156718723056, 0.24905829852060327, 0.2278323047706541, 0.23543024795867926, 0.2584998965316083, 0.30145163279694487, 0.28209528726314737, 0.2970862803093316, 0.29975613744771284, 0.3171165221214804, 0.3412983349484901, 0.34291581680475436, 0.3242916631389339, 0.3286198661662638, 0.34943308069739704, 0.35649238890564106, 0.387979578116979, 0.392460199490295, 0.3856756160352028, 0.39707972526257607, 0.41744151612730557, 0.41976429103820956, 0.39932231874592855, 0.40068047857878486], "val_sparse_categorical_accuracy": [0.8584905660377359, 0.8950471698113207, 0.9199587264150944, 0.9096403301886793, 0.9192216981132075, 0.9206957547169812, 0.9369103773584906, 0.9341096698113207, 0.9355837264150944, 0.9435436320754716, 0.9433962264150944, 0.941627358490566, 0.9413325471698113, 0.9445754716981132, 0.9419221698113207, 0.9417747641509434, 0.9407429245283019, 0.9385318396226415, 0.9360259433962265, 0.9410377358490566, 0.9448702830188679, 0.9431014150943396, 0.9431014150943396, 0.9431014150943396, 0.9428066037735849, 0.941627358490566, 0.9426591981132075, 0.9414799528301887, 0.9408903301886793, 0.9432488207547169, 0.9425117924528302], "loss": [0.9010524032147307, 0.3310237229057123, 0.23874282031635144, 0.1890913815538686, 0.1588735539701891, 0.14308491850593932, 0.13019987869130117, 0.11453202541510255, 0.12224256902475629, 0.067006314693125, 0.05166012197723443, 0.04549218080721954, 0.04041853635383342, 0.043659671973946934, 0.037634172178960604, 0.029506043081974645, 0.02936657055284458, 0.024157146232452, 0.027971365017742243, 0.01685961751764924, 0.010352587670593922, 0.00880462994497239, 0.007576140889264971, 0.006454053032727568, 0.00634274927012614, 0.0050088475068600915, 0.004154985698313655, 0.004361324611883838, 0.006821773939911947, 0.003872426469623767, 0.002568369663490409], "sparse_categorical_accuracy": [0.7466126253132832, 0.9063674812030075, 0.9318021616541353, 0.9460761278195489, 0.9539865288220551, 0.9588815789473685, 0.9618773496240601, 0.9665570175438597, 0.9647360588972431, 0.9812225877192983, 0.9861567982456141, 0.9874490914786967, 0.9887413847117794, 0.9875078320802005, 0.9892896303258145, 0.9912280701754386, 0.9914434523809523, 0.9931860902255639, 0.9920504385964912, 0.9954769736842105, 0.9974741541353384, 0.9980028195488722, 0.9984923245614035, 0.9986685463659147, 0.9989230889724311, 0.9991384711779449, 0.9991972117794486, 0.9990601503759399, 0.9985706453634086, 0.9993538533834586, 0.9996475563909775]}